Pos.,name,nameOnBib,bib,race,gender,AG,gun time,chip time,overall rank,genderRank,Phone,Email
Micro Marathon 5K,,,,,,,,,,,,
1.,Kraengsak Seubsen,KRAENGSAK,1305,Micro Marathon 5K,Male,MOpen,0:26:45,0:26:41,1/669,1/213,,
2.,Kasinan Yongprapat,KAEWCHOCO,1709,Micro Marathon 5K,Female,FOpen,0:26:57,0:26:34,2/669,1/455,,
3.,Audomchai Thurakijwong,UDOMCHAI,0244,Micro Marathon 5K,Male,MOpen,0:28:02,0:27:56,3/669,2/213,,
4.,Nutcha Boonket,KAO-HORM,0771,Micro Marathon 5K,Female,FOpen,0:28:31,0:28:30,4/669,2/455,,
5.,Thanapat Ngernseng,SUN,0291,Micro Marathon 5K,Male,MOpen,0:29:00,0:28:54,5/669,3/213,,
6.,Apichart Hirunwong,CHARTNU,0548,Micro Marathon 5K,Male,MOpen,0:29:03,0:28:56,6/669,4/213,,
7.,Ploy Leelayana,PLOY,1494,Micro Marathon 5K,Female,FOpen,0:29:03,0:28:44,7/669,3/455,,
8.,Kritsada Kongdee,KRITSADA,2238,Micro Marathon 5K,Male,MOpen,0:29:06,0:28:55,8/669,5/213,,
9.,Pramaul Pramaul,PAM,2964,Micro Marathon 5K,Male,MOpen,0:30:00,0:29:15,9/669,6/213,,
10.,Somsak Hokyindee,SOMSAK,2485,Micro Marathon 5K,Male,MOpen,0:30:02,0:29:59,10/669,7/213,,
11.,Ratana Warotamaporn,SBALLTIPCO,2821,Micro Marathon 5K,Male,MOpen,0:30:18,0:30:02,11/669,8/213,,
12.,Bruno Frederico Payolla,BIG BAH,2784,Micro Marathon 5K,Male,MOpen,0:30:22,0:30:12,12/669,9/213,,
13.,Thanawat  Suriyabut,THANAWAT ,2855,Micro Marathon 5K,Male,MOpen,0:30:57,0:30:16,13/669,10/213,,
14.,Pinpida Thamtarana,-PINKO-,2396,Micro Marathon 5K,Female,FOpen,0:31:14,0:31:05,14/669,4/455,,
15.,Udomsak Sangwanich,S.UDOMSAK,2509,Micro Marathon 5K,Male,MOpen,0:32:30,0:32:16,15/669,11/213,,
16.,Tanakarn Sukchalermchai,PUDY,1345,Micro Marathon 5K,Female,FOpen,0:32:36,0:32:14,16/669,5/455,,
17.,Worawee Chaopichaya,TUEDTUE,2398,Micro Marathon 5K,Male,MOpen,0:32:48,0:32:38,17/669,12/213,,
18.,Nirut Samranjai,2873,2328,Micro Marathon 5K,Male,MOpen,0:33:04,0:32:45,18/669,13/213,,
19.,Rattanachat Bunma,PSET,0924,Micro Marathon 5K,Male,MOpen,0:33:10,0:32:44,19/669,14/213,,
20.,Songchat Siriyothiphan,SONGCHAT,2502,Micro Marathon 5K,Male,MOpen,0:33:12,0:32:56,20/669,15/213,,
21.,Athit Pookpho,ATHIT P.,0544,Micro Marathon 5K,Male,MOpen,0:33:13,0:32:59,21/669,16/213,,
22.,Attavit Ansvananda,VIP RUN,1114,Micro Marathon 5K,Male,MOpen,0:33:39,0:33:26,22/669,17/213,,
23.,Apiwat Buntitchat,Apiw,2507,Micro Marathon 5K,Male,MOpen,0:33:48,0:33:32,23/669,18/213,,
24.,Vareerat Vorachina,VAREERAT,0414,Micro Marathon 5K,Female,FOpen,0:33:49,0:33:26,24/669,6/455,,
25.,Racha Sungkaputi,RACHA,0512,Micro Marathon 5K,Male,MOpen,0:33:55,0:33:38,25/669,19/213,,
26.,Sarunya Jaijuathum,MAPLE,1454,Micro Marathon 5K,Female,FOpen,0:34:01,0:33:48,26/669,7/455,,
27.,Surattana Kitsanguan,GIVE,2226,Micro Marathon 5K,Female,FOpen,0:34:09,0:33:39,27/669,8/455,,
28.,Varochinee Varochina,VAROCHINEE,0407,Micro Marathon 5K,Female,FOpen,0:34:21,0:33:45,28/669,9/455,,
29.,Chanawut Bunmatee,CHANAWUT,2842,Micro Marathon 5K,Male,MOpen,0:34:25,0:34:21,29/669,20/213,,
30.,Supakant Chaichotranunt,SUPAKANT,0053,Micro Marathon 5K,Male,MOpen,0:34:30,0:33:55,30/669,21/213,,
31.,Arun Sarakit,ARUN,2440,Micro Marathon 5K,Male,MOpen,0:34:35,0:34:00,31/669,22/213,,
32.,Nippich Saptaeng,TANWA,0254,Micro Marathon 5K,Male,MOpen,0:34:53,0:34:47,32/669,23/213,,
33.,Peerapong Khiawboonma,NEUNGTIPCO,0789,Micro Marathon 5K,Male,MOpen,0:34:59,0:34:43,33/669,24/213,,
34.,Atipat Chanpipatwittaya,MICHAEL,1550,Micro Marathon 5K,Male,MOpen,0:35:09,0:34:55,34/669,25/213,,
35.,Chiravudh Goulab,CHIRAVUDH,0806,Micro Marathon 5K,Male,MOpen,0:35:21,0:35:21,35/669,26/213,,
36.,Nutzre Boonket,KENG,0770,Micro Marathon 5K,Female,FOpen,0:35:33,0:35:29,36/669,10/455,,
37.,Woraphot Wirothpoka,WORAPHOT,2386,Micro Marathon 5K,Male,MOpen,0:35:37,0:35:18,37/669,27/213,,
38.,Amporn Hongsawadee,AMPORN,2875,Micro Marathon 5K,Female,FOpen,0:35:42,0:35:23,38/669,11/455,,
39.,Suphakorn Suksamai,SUPHAKORN,2951,Micro Marathon 5K,Male,MOpen,0:35:53,0:35:45,39/669,28/213,,
40.,Viroj Puthong,VIROJ,2912,Micro Marathon 5K,Male,MOpen,0:36:14,0:35:44,40/669,29/213,,
41.,Sontaya Soimalaithong,SONTAYA,0358,Micro Marathon 5K,Male,MOpen,0:36:31,0:36:02,41/669,30/213,,
42.,Wimon Pankaew,WIMON,2237,Micro Marathon 5K,Female,FOpen,0:36:48,0:36:37,42/669,12/455,,
43.,Jirayu Kaenket,TOP_JIRAYU,1021,Micro Marathon 5K,Male,MOpen,0:36:52,0:36:24,43/669,31/213,,
44.,Sudaporn Hongsawadee,PREEN,2549,Micro Marathon 5K,Female,FOpen,0:36:55,0:36:36,44/669,13/455,,
45.,Siriwan Wunjina,,2769,Micro Marathon 5K,Female,FOpen,0:36:56,0:36:23,45/669,14/455,,
46.,Sanan Rattanamatchim,SANAN R,1496,Micro Marathon 5K,Male,MOpen,0:37:00,0:36:51,46/669,32/213,,
47.,Kantaphon Tirasriwat,TOHTAE,1963,Micro Marathon 5K,Male,MOpen,0:37:01,0:36:21,47/669,33/213,,
48.,Det Yoocha,DET,1925,Micro Marathon 5K,Male,MOpen,0:37:03,0:36:41,48/669,34/213,,
49.,Narongchai Chimpalee,NARONGCHAI,2661,Micro Marathon 5K,Male,MOpen,0:37:08,0:36:50,49/669,35/213,,
50.,Pitchayakorn Sirinawin,PEUNG,2121,Micro Marathon 5K,Female,FOpen,0:37:08,0:36:57,50/669,15/455,,
51.,Tawee Narissirikl,,3057,Micro Marathon 5K,Male,MOpen,0:37:19,0:20:25,51/669,36/213,,
52.,Jitsopin Padpaew,MYMINT,1094,Micro Marathon 5K,Female,FOpen,0:37:20,0:36:50,52/669,16/455,,
53.,Chatpong Chompoonuch,POKPONG,1093,Micro Marathon 5K,Male,MOpen,0:37:21,0:36:51,53/669,37/213,,
54.,Pratpawee Bhumariyasit,PRAT,0636,Micro Marathon 5K,Female,FOpen,0:37:21,0:37:16,54/669,17/455,,
55.,Suksan Laiudompitak,SUKSAN,0422,Micro Marathon 5K,Male,MOpen,0:37:27,0:37:11,55/669,38/213,,
56.,Bancha Ting Nga,BANCHA,1391,Micro Marathon 5K,Male,MOpen,0:37:32,0:36:42,56/669,39/213,,
57.,Rattanachanok Jaemjamroon,NU NAN,1450,Micro Marathon 5K,Female,FOpen,0:37:32,0:36:40,57/669,18/455,,
58.,Naruesorn Thinhanwong,PORNPRAPA,1624,Micro Marathon 5K,Female,FOpen,0:37:35,0:37:35,58/669,19/455,,
59.,Atisak Sujanta,AKARADECH,1676,Micro Marathon 5K,Male,MOpen,0:37:36,0:37:36,59/669,40/213,,
60.,Thongthew Sooksabai,CHETAAH,1801,Micro Marathon 5K,Male,MOpen,0:37:36,0:37:31,60/669,41/213,,
61.,Yanin Tolertmongkol,SPEC,0860,Micro Marathon 5K,Female,FOpen,0:37:40,0:37:28,61/669,20/455,,
62.,Aitchakun Pritthikiartikhun,JIGGIE BEE,1309,Micro Marathon 5K,Female,FOpen,0:37:41,0:37:13,62/669,21/455,,
63.,Kanyaporn Leepongsak,PEARY,1099,Micro Marathon 5K,Female,FOpen,0:37:43,0:37:14,63/669,22/455,,
64.,Chanokporn Khumpong,LAMPANG,2032,Micro Marathon 5K,Female,FOpen,0:37:44,0:37:42,64/669,23/455,,
65.,Noppadon Mungmartmit,TAE,2312,Micro Marathon 5K,Male,MOpen,0:37:49,0:37:05,65/669,42/213,,
66.,Wongduan Buanieo,LITTLEMOON,2463,Micro Marathon 5K,Female,FOpen,0:37:50,0:37:45,66/669,24/455,,
67.,Piyada Jaksucam,PIDAAA,2791,Micro Marathon 5K,Female,FOpen,0:37:52,0:37:42,67/669,25/455,,
68.,Paphada Sriyam,MINI BAH,2773,Micro Marathon 5K,Female,FOpen,0:37:52,0:37:42,68/669,26/455,,
69.,Chomphat Thimaporn,CHOMCHOM,0579,Micro Marathon 5K,Female,FOpen,0:37:57,0:37:46,69/669,27/455,,
70.,Wongwaris Jirarungroj,BOSSTAOFAI,2126,Micro Marathon 5K,Male,MOpen,0:37:57,0:37:24,70/669,43/213,,
71.,Thanachot Chamninawakun,NOOM,2125,Micro Marathon 5K,Male,MOpen,0:38:00,0:37:27,71/669,44/213,,
72.,Brett Caulton,BRETT,0541,Micro Marathon 5K,Male,MOpen,0:38:09,0:37:38,72/669,45/213,,
73.,Jomkwan Markkaew Caulton,JOME,0521,Micro Marathon 5K,Female,FOpen,0:38:09,0:37:38,73/669,28/455,,
74.,Keawta Sopapirom,KAITONG,2325,Micro Marathon 5K,Female,FOpen,0:38:21,0:38:10,74/669,29/455,,
75.,Nitiya Ponganan,NITIYA,2538,Micro Marathon 5K,Female,FOpen,0:38:34,0:38:07,75/669,30/455,,
76.,Kobchai Leelapornchai,KOBCHAI L.,2651,Micro Marathon 5K,Male,MOpen,0:38:35,0:38:09,76/669,46/213,,
77.,Piya  Setthanupong,PIYA ,2854,Micro Marathon 5K,Male,MOpen,0:38:54,0:38:15,77/669,47/213,,
78.,Samuchchar Srisuttabute,SMART,1447,Micro Marathon 5K,Male,MOpen,0:38:55,0:38:05,78/669,48/213,,
79.,Jirawadee Luangwuttitham,JIRAWADEE,1204,Micro Marathon 5K,Female,FOpen,0:38:58,0:38:41,79/669,31/455,,
80.,Jintana Srisuttabute,JIN,1448,Micro Marathon 5K,Female,FOpen,0:39:02,0:38:11,80/669,32/455,,
81.,Boonnum Glinnirun,BOONNUM,2505,Micro Marathon 5K,Female,FOpen,0:39:04,0:38:50,81/669,33/455,,
82.,Dusadee Yoocha,NAOMI,2408,Micro Marathon 5K,Female,FOpen,0:39:05,0:38:43,82/669,34/455,,
83.,Nanun Juncharoen,JOMTIPCO,0784,Micro Marathon 5K,Male,MOpen,0:39:07,0:38:48,83/669,49/213,,
84.,Tippamat Photimat,PARAKISS,0549,Micro Marathon 5K,Female,FOpen,0:39:18,0:39:12,84/669,35/455,,
85.,Sawasd Kanjana,FOUR,1475,Micro Marathon 5K,Male,MOpen,0:39:19,0:39:08,85/669,50/213,,
86.,Kan Teerakulpisut,KAN,2688,Micro Marathon 5K,Male,MOpen,0:39:22,0:38:43,86/669,51/213,,
87.,Wansiri Nakpreecha,BIRD,2379,Micro Marathon 5K,Female,FOpen,0:39:23,0:38:44,87/669,36/455,,
88.,Benjamaporn Pitasaya,BENJAMAPOR,2660,Micro Marathon 5K,Female,FOpen,0:39:23,0:38:43,88/669,37/455,,
89.,Waraporn Nungvaewdaeng,MARIE,2756,Micro Marathon 5K,Female,FOpen,0:39:24,0:38:58,89/669,38/455,,
90.,Wattana Srichan,WATTANA,0419,Micro Marathon 5K,Female,FOpen,0:39:25,0:39:08,90/669,39/455,,
91.,Jintana Sangiamngam,JINTANA,0152,Micro Marathon 5K,Female,FOpen,0:39:25,0:39:06,91/669,40/455,,
92.,Chopper Phannak,CHOPPER,2561,Micro Marathon 5K,Male,MOpen,0:39:26,0:39:07,92/669,52/213,,
93.,Pimchanok Winotapan,AOM,2757,Micro Marathon 5K,Female,FOpen,0:39:27,0:39:01,93/669,41/455,,
94.,Olan Laohawattanawanich,TOTO,0462,Micro Marathon 5K,Male,MOpen,0:39:31,0:38:48,94/669,53/213,,
95.,Kanoknat Wattana,BE BELL,0461,Micro Marathon 5K,Female,FOpen,0:39:31,0:38:49,95/669,42/455,,
96.,Piphat Wiboonchua,IPHAT,0994,Micro Marathon 5K,Male,MOpen,0:39:42,0:39:05,96/669,54/213,,
97.,Paphon Thaitanundr,PUN,1468,Micro Marathon 5K,Male,MOpen,0:39:43,0:39:30,97/669,55/213,,
98.,Pravit Kunanuphanchai,JACKAL_PJ,0717,Micro Marathon 5K,Male,MOpen,0:39:48,0:39:02,98/669,56/213,,
99.,Thatchakorn Pomprasirt,NUT,0169,Micro Marathon 5K,Male,MOpen,0:39:50,0:39:21,99/669,57/213,,
100.,Piya Markwong,MIYABI,2342,Micro Marathon 5K,Male,MOpen,0:39:58,0:39:02,100/669,58/213,,
101.,Piyada Phumali,PIYADA,0981,Micro Marathon 5K,Female,FOpen,0:40:01,0:39:22,101/669,43/455,,
102.,Parut Thaitanundr,PONG,1469,Micro Marathon 5K,Male,MOpen,0:40:02,0:39:48,102/669,59/213,,
103.,Darunee Phichidchaiwattanakul,DARUNEE,0882,Micro Marathon 5K,Female,FOpen,0:40:02,0:39:51,103/669,44/455,,
104.,Bhun Phichidchaiwattanakul,ANDA,0883,Micro Marathon 5K,Male,MOpen,0:40:02,0:39:52,104/669,60/213,,
105.,Achiraya Piyaworasak,ACHI,1393,Micro Marathon 5K,Female,FOpen,0:40:03,0:39:13,105/669,45/455,,
106.,Prachuab Chuathong,SUPPERDAD,1405,Micro Marathon 5K,Male,MOpen,0:40:07,0:40:00,106/669,61/213,,
107.,Piyawan Sodthaisong,PIYAWAN S,1133,Micro Marathon 5K,Female,FOpen,0:40:07,0:39:51,107/669,46/455,,
108.,Watsatree Jenraja,NUCH,0922,Micro Marathon 5K,Female,FOpen,0:40:08,0:39:41,108/669,47/455,,
109.,Jaruwat Sripanyawinyoo,,3070,Micro Marathon 5K,Male,MOpen,0:40:11,0:39:59,109/669,62/213,,
110.,Kamonchanok Kulwong,PREAWJIJA,2320,Micro Marathon 5K,Female,FOpen,0:40:18,0:39:39,110/669,48/455,,
111.,Chayanuch Srichan,CHAYANUCH,0421,Micro Marathon 5K,Female,FOpen,0:40:24,0:40:08,111/669,49/455,,
112.,Ausa Pingwang,SASA,2195,Micro Marathon 5K,Female,FOpen,0:40:25,0:40:20,112/669,50/455,,
113.,Wimonrut Chalee,PAPIRINYA,0110,Micro Marathon 5K,Female,FOpen,0:40:26,0:40:22,113/669,51/455,,
114.,Suchada Chaiyo,SUCHADA,0109,Micro Marathon 5K,Female,FOpen,0:40:27,0:40:21,114/669,52/455,,
115.,Samon Khammalai,PINNY,0408,Micro Marathon 5K,Female,FOpen,0:40:31,0:40:25,115/669,53/455,,
116.,Umaporn Buranasuksombat,GREAT,2397,Micro Marathon 5K,Female,FOpen,0:40:32,0:40:23,116/669,54/455,,
117.,Witsaruth Homkajorn,BANKKY,0409,Micro Marathon 5K,Male,MOpen,0:40:34,0:40:27,117/669,63/213,,
118.,Chananchida Panyapanich,FIREFLY,1657,Micro Marathon 5K,Female,FOpen,0:40:54,0:40:20,118/669,55/455,,
119.,Pitcha Panyapanich,PITCHA,1653,Micro Marathon 5K,Female,FOpen,0:40:54,0:40:20,119/669,56/455,,
120.,Ponyaporn Punpatch,,3063,Micro Marathon 5K,Female,FOpen,0:40:55,0:40:17,120/669,57/455,,
121.,Nithan Kamlamlert,NITHAN,2316,Micro Marathon 5K,Male,MOpen,0:40:55,0:40:29,121/669,64/213,,
122.,Wanutuch   Jangprajak,WANUTUCH  ,2856,Micro Marathon 5K,Male,MOpen,0:40:58,0:40:20,122/669,65/213,,
123.,Vanlabha Bhavadhi,JOMJAM,2404,Micro Marathon 5K,Female,FOpen,0:41:04,0:40:24,123/669,58/455,,
124.,Apisak Teerakulpisut,APISAK,2687,Micro Marathon 5K,Male,MOpen,0:41:05,0:40:29,124/669,66/213,,
125.,Achara Borirak,BEE,1884,Micro Marathon 5K,Female,FOpen,0:41:07,0:40:44,125/669,59/455,,
126.,Jariya Rodsin,R.JARIYA,2050,Micro Marathon 5K,Female,FOpen,0:41:13,0:41:04,126/669,60/455,,
127.,Wai Jakkaichawadol,WAI,2165,Micro Marathon 5K,Male,MOpen,0:41:14,0:40:41,127/669,67/213,,
128.,Natthanun Woramaris,PLOY,2124,Micro Marathon 5K,Female,FOpen,0:41:14,0:40:42,128/669,61/455,,
129.,Paphatsorn Aramrusmeegul,PAPHAT,2232,Micro Marathon 5K,Female,FOpen,0:41:19,0:41:10,129/669,62/455,,
130.,Tin Shunijtanakun,TIN,2236,Micro Marathon 5K,Male,MOpen,0:41:19,0:41:10,130/669,68/213,,
131.,Tunyapatr Phokarnkul,TUNYAPATR,2813,Micro Marathon 5K,Female,FOpen,0:41:20,0:41:08,131/669,63/455,,
132.,Sutida Udomdeepipattanachote,SNOOPY,1762,Micro Marathon 5K,Female,FOpen,0:41:26,0:40:59,132/669,64/455,,
133.,Chotima Owakulawong,JACOWA,1761,Micro Marathon 5K,Female,FOpen,0:41:26,0:40:59,133/669,65/455,,
134.,Usanee Somsri,,2702,Micro Marathon 5K,Female,FOpen,0:41:29,0:41:24,134/669,66/455,,
135.,Kusumon Samakka,KUSUMON S.,1078,Micro Marathon 5K,Female,FOpen,0:41:30,0:41:09,135/669,67/455,,
136.,Kanyakamon Limphatthayanate,POOK,1063,Micro Marathon 5K,Female,FOpen,0:41:32,0:41:03,136/669,68/455,,
137.,Puchong Sangsai,PAI,1064,Micro Marathon 5K,Male,MOpen,0:41:33,0:41:02,137/669,69/213,,
138.,Intera Yimprasit,INTERA,0397,Micro Marathon 5K,Female,FOpen,0:41:35,0:41:10,138/669,69/455,,
139.,Pongtorn Kanchana-Akradet,ED,2271,Micro Marathon 5K,Male,MOpen,0:41:36,0:41:07,139/669,70/213,,
140.,Vorakit Chaikittikorn,KYU,1940,Micro Marathon 5K,Male,MOpen,0:41:38,0:41:23,140/669,71/213,,
141.,Harit Chaisri,B A Z,0084,Micro Marathon 5K,Male,MOpen,0:41:39,0:40:47,141/669,72/213,,
142.,Mujalin Asthasathan,DRAGONITA,2568,Micro Marathon 5K,Female,FOpen,0:41:40,0:40:53,142/669,70/455,,
143.,Panita Ruangsawang,TAM,0920,Micro Marathon 5K,Female,FOpen,0:41:44,0:41:17,143/669,71/455,,
144.,Bussathanya Sangkhaphooti,BUSATHANYA,0513,Micro Marathon 5K,Female,FOpen,0:41:44,0:41:27,144/669,72/455,,
145.,วุฒิพล อะเมกอง,,3062,Micro Marathon 5K,Male,MOpen,0:41:45,0:41:40,145/669,73/213,,
146.,Siriwan Lerkyen,ENJOY,0722,Micro Marathon 5K,Female,FOpen,0:41:47,0:41:37,146/669,73/455,,
147.,Natalie Supsakorn,VIP RUN,1113,Micro Marathon 5K,Female,FOpen,0:41:48,0:41:37,147/669,74/455,,
148.,Krittaya Plengwithaya,Krittaya,2958,Micro Marathon 5K,Female,FOpen,0:41:48,0:41:44,148/669,75/455,,
149.,Jetjan Chaiyong,JETJAN,1877,Micro Marathon 5K,Male,MOpen,0:41:49,0:41:39,149/669,74/213,,
150.,Poungpaga Kettreegorn,KOK,2909,Micro Marathon 5K,Female,FOpen,0:41:55,0:41:07,150/669,76/455,,
151.,Chrisjira Binkamalee,BABY,0064,Micro Marathon 5K,Female,FOpen,0:42:02,0:42:02,151/669,77/455,,
152.,Duangtiva Binkamalee,BAI,0063,Micro Marathon 5K,Male,MOpen,0:42:02,0:41:56,152/669,75/213,,
153.,Arirat Kocharoen,MINNIE,1312,Micro Marathon 5K,Female,FOpen,0:42:08,0:41:53,153/669,78/455,,
154.,Laddawan Nikornkoon,5009,2329,Micro Marathon 5K,Female,FOpen,0:42:17,0:41:58,154/669,79/455,,
155.,Supat Khoositthiphon,SUPAT,0180,Micro Marathon 5K,Female,FOpen,0:42:18,0:41:57,155/669,80/455,,
156.,Tin Htut Thein,JAMES,0745,Micro Marathon 5K,Male,MOpen,0:42:19,0:41:40,156/669,76/213,,
157.,Porntiva Yoopum,PORNTIVA,2376,Micro Marathon 5K,Female,FOpen,0:42:20,0:42:00,157/669,81/455,,
158.,Kanyarut Obromchob,KANYARAT,1802,Micro Marathon 5K,Female,FOpen,0:42:26,0:41:19,158/669,82/455,,
159.,Montawan Suwannava,WIN,2885,Micro Marathon 5K,Female,FOpen,0:42:32,0:42:05,159/669,83/455,,
160.,Komsun Klawach,THE_SUN,1452,Micro Marathon 5K,Male,MOpen,0:42:32,0:42:04,160/669,77/213,,
161.,Nuntawadee Saiyood,NUNTAWADEE,0977,Micro Marathon 5K,Female,FOpen,0:42:33,0:42:16,161/669,84/455,,
162.,Nutchanat Yooyued,NUTCH,1285,Micro Marathon 5K,Female,FOpen,0:42:37,0:42:24,162/669,85/455,,
163.,Panya Sinkirdsuk,UNCLE BEAR,2112,Micro Marathon 5K,Male,MOpen,0:42:41,0:42:35,163/669,78/213,,
164.,Kanchana Sinkirdsuk,KAN,2111,Micro Marathon 5K,Female,FOpen,0:42:41,0:42:35,164/669,86/455,,
165.,Jiratakorn Itsaraphanit,MOJO,0460,Micro Marathon 5K,Male,MOpen,0:42:42,0:42:00,165/669,79/213,,
166.,Piyanan Charoonanan,ELLE,0459,Micro Marathon 5K,Female,FOpen,0:42:43,0:42:01,166/669,87/455,,
167.,Sureeporn Prasatkaew,CHARTNU,0547,Micro Marathon 5K,Female,FOpen,0:42:43,0:42:36,167/669,88/455,,
168.,Khatawut Manyuttam,ARMMY,0923,Micro Marathon 5K,Male,MOpen,0:42:44,0:42:17,168/669,80/213,,
169.,Nissai Klawklang,NISSAI SAN,1451,Micro Marathon 5K,Male,MOpen,0:42:46,0:41:56,169/669,81/213,,
170.,Suthathip Inkabchan,ANUSH,0449,Micro Marathon 5K,Female,FOpen,0:42:51,0:42:16,170/669,89/455,,
171.,Nipada Saptaeng,MAYSA,0255,Micro Marathon 5K,Female,FOpen,0:43:01,0:43:01,171/669,90/455,,
172.,Nuchsara Saptaeng,NUCH NUCH,0253,Micro Marathon 5K,Female,FOpen,0:43:02,0:42:57,172/669,91/455,,
173.,Sukanya Chay-Aroon,SUKAN514,2422,Micro Marathon 5K,Female,FOpen,0:43:06,0:42:56,173/669,92/455,,
174.,Charnchai Sangkaphuti,CHARNCHAI,0464,Micro Marathon 5K,Male,MOpen,0:43:07,0:42:51,174/669,82/213,,
175.,Natthawut Manachartsaicul,NATTHAWUT,2277,Micro Marathon 5K,Male,MOpen,0:43:08,0:42:49,175/669,83/213,,
176.,Somboon Wongcharoen,YAI,0935,Micro Marathon 5K,Male,MOpen,0:43:13,0:42:59,176/669,84/213,,
177.,Kritsanat Rookong,KRITSANAT,0589,Micro Marathon 5K,Female,FOpen,0:43:13,0:42:38,177/669,93/455,,
178.,Nitiya Onkum,NITIYA,0584,Micro Marathon 5K,Female,FOpen,0:43:13,0:42:39,178/669,94/455,,
179.,Wanassanan Thammacharoenrach,HUAHUA,2028,Micro Marathon 5K,Female,FOpen,0:43:16,0:42:48,179/669,95/455,,
180.,Nutchanart Chanaphai,NUTCHNART,0453,Micro Marathon 5K,Female,FOpen,0:43:17,0:42:40,180/669,96/455,,
181.,Wachira Jewprasert,TOCKZA,2558,Micro Marathon 5K,Male,MOpen,0:43:19,0:42:48,181/669,85/213,,
182.,Kanokrat Jianpradit,KANOKRAT,2518,Micro Marathon 5K,Female,FOpen,0:43:19,0:42:37,182/669,97/455,,
183.,Thitika Choochalerm,TIKA,2481,Micro Marathon 5K,Female,FOpen,0:43:20,0:42:41,183/669,98/455,,
184.,Teerachai Artharn,TEERACHAI,2519,Micro Marathon 5K,Male,MOpen,0:43:20,0:42:38,184/669,86/213,,
185.,Pawita Pumpuang,PAWITA P.,1355,Micro Marathon 5K,Female,FOpen,0:43:21,0:43:08,185/669,99/455,,
186.,Saran Chuenchomnanchaikit,SARAN,2526,Micro Marathon 5K,Male,MOpen,0:43:21,0:42:38,186/669,87/213,,
187.,Palida Junthawech,BE2B,2899,Micro Marathon 5K,Female,FOpen,0:43:23,0:42:55,187/669,100/455,,
188.,Anake Nganbunsri,YEE,0317,Micro Marathon 5K,Male,MOpen,0:43:27,0:42:37,188/669,88/213,,
189.,Kornkanok Nimthasanasiri,PUK,2514,Micro Marathon 5K,Female,FOpen,0:43:28,0:43:26,189/669,101/455,,
190.,Chupakinee Mungdee,MEWNARAK,2190,Micro Marathon 5K,Female,FOpen,0:43:31,0:43:03,190/669,102/455,,
191.,Saowaluck Saiyudthong,AOWSEAVIEW,2194,Micro Marathon 5K,Female,FOpen,0:43:32,0:43:03,191/669,103/455,,
192.,Naovarat Kongwichianwat,,0159,Micro Marathon 5K,Female,FOpen,0:43:41,0:43:20,192/669,104/455,,
193.,Siriwan Yodchak,SIRIWAN,2742,Micro Marathon 5K,Female,FOpen,0:43:42,0:43:24,193/669,105/455,,
194.,Kanittha Suebchakdee,KANITTHA_S,0718,Micro Marathon 5K,Female,FOpen,0:43:48,0:42:59,194/669,106/455,,
195.,Aekachai Songsrichaeng,,1155,Micro Marathon 5K,Male,MOpen,0:43:50,0:43:09,195/669,89/213,,
196.,Supaporn Rugsaphon,SINGTO,2900,Micro Marathon 5K,Female,FOpen,0:43:51,0:43:23,196/669,107/455,,
197.,Nannapat Sittikraisorn,RUNWITHME,2146,Micro Marathon 5K,Female,FOpen,0:43:54,0:43:45,197/669,108/455,,
198.,Lamead Bureerat,LAMEAD,2021,Micro Marathon 5K,Female,FOpen,0:43:55,0:43:44,198/669,109/455,,
199.,Chaba Unob,BA,0832,Micro Marathon 5K,Female,FOpen,0:43:55,0:43:40,199/669,110/455,,
200.,Tharika Boonpa,TIX,0833,Micro Marathon 5K,Female,FOpen,0:43:55,0:43:41,200/669,111/455,,
201.,Kittima Jangsawang,RUNWITHME,2147,Micro Marathon 5K,Female,FOpen,0:43:56,0:43:47,201/669,112/455,,
202.,Rapeepan Thongpong,TU,2432,Micro Marathon 5K,Female,FOpen,0:43:56,0:43:46,202/669,113/455,,
203.,Kriengsak Srithanyarat,KRIENGSAK,2361,Micro Marathon 5K,Male,MOpen,0:43:59,0:43:34,203/669,90/213,,
204.,Chongkolporn Musikapodoke,JA,2433,Micro Marathon 5K,Female,FOpen,0:44:01,0:43:51,204/669,114/455,,
205.,Ubonwan Teerakulpisut,UBONWAN,2659,Micro Marathon 5K,Female,FOpen,0:44:03,0:43:27,205/669,115/455,,
206.,Chomchanok Srichan,CHOMCHANOK,0420,Micro Marathon 5K,Female,FOpen,0:44:05,0:43:48,206/669,116/455,,
207.,Natthita Thanasirimethikul,KOB NAJA,2685,Micro Marathon 5K,Female,FOpen,0:44:07,0:43:59,207/669,117/455,,
208.,Uraiwan Khaophong,GAME,1211,Micro Marathon 5K,Female,FOpen,0:44:08,0:43:28,208/669,118/455,,
209.,Kunaporn Boontiamtad,KUNAPORN,2618,Micro Marathon 5K,Female,FOpen,0:44:13,0:43:44,209/669,119/455,,
210.,Pakornchai Thimaporn,PAKORNCHAI,0578,Micro Marathon 5K,Male,MOpen,0:44:15,0:43:23,210/669,91/213,,
211.,Apichart Kuama,APICHART,1827,Micro Marathon 5K,Male,MOpen,0:44:21,0:43:55,211/669,92/213,,
212.,Prisana Chatphatthananan,TUKTA,0218,Micro Marathon 5K,Female,FOpen,0:44:25,0:43:31,212/669,120/455,,
213.,Pornpit Tanmathusorachai,PORNPIT,2290,Micro Marathon 5K,Female,FOpen,0:44:29,0:44:10,213/669,121/455,,
214.,Haritchaya Matieng,HARITCHAYA,2281,Micro Marathon 5K,Female,FOpen,0:44:29,0:44:11,214/669,122/455,,
215.,Suchada Luangwattanawilai,SUCHADA L.,0807,Micro Marathon 5K,Female,FOpen,0:44:31,0:44:25,215/669,123/455,,
216.,Thanwalai Sangkaphuti,THANWALAI,0466,Micro Marathon 5K,Female,FOpen,0:44:31,0:44:15,216/669,124/455,,
217.,Kanathep Thaiplub,KANATHEP,2617,Micro Marathon 5K,Male,MOpen,0:44:38,0:44:10,217/669,93/213,,
218.,Wijitporn Naktes,WIJITPORN,1046,Micro Marathon 5K,Female,FOpen,0:44:39,0:44:03,218/669,125/455,,
219.,Suthisa Suksawat,NOEY,0581,Micro Marathon 5K,Female,FOpen,0:44:41,0:43:50,219/669,126/455,,
220.,Thunyathorn Saluckpetch,THUNYATORN,2907,Micro Marathon 5K,Female,FOpen,0:44:43,0:44:23,220/669,127/455,,
221.,Thanakorn Charoensuk,EARN,1321,Micro Marathon 5K,Female,FOpen,0:44:44,0:44:16,221/669,128/455,,
222.,Aungkhana Tupchai,LOOK KAEW,1316,Micro Marathon 5K,Female,FOpen,0:44:47,0:44:19,222/669,129/455,,
223.,Augkane Jujan,AUNKANE,1315,Micro Marathon 5K,Female,FOpen,0:44:47,0:44:19,223/669,130/455,,
224.,Thanyaluck Pochouy,THANYALUCK,1661,Micro Marathon 5K,Female,FOpen,0:44:49,0:44:35,224/669,131/455,,
225.,Pornpimol Duangdee,POOH,0671,Micro Marathon 5K,Female,FOpen,0:44:49,0:44:35,225/669,132/455,,
226.,Wichuda Peungphum,OZONE,0515,Micro Marathon 5K,Female,FOpen,0:44:55,0:44:29,226/669,133/455,,
227.,Athikan Pengchan,MOOBOW,2534,Micro Marathon 5K,Female,FOpen,0:45:02,0:44:26,227/669,134/455,,
228.,Pimsiri Charusalaipong,AE_STRONG,0557,Micro Marathon 5K,Female,FOpen,0:45:04,0:44:41,228/669,135/455,,
229.,Raviwan Jitrattanajinda,PUUYOUNGER,0558,Micro Marathon 5K,Female,FOpen,0:45:04,0:44:42,229/669,136/455,,
230.,Chanita Sheeranangsu,CHANITA,2072,Micro Marathon 5K,Female,FOpen,0:45:06,0:44:52,230/669,137/455,,
231.,Noppishnich Sorayudthasenee,TANZ,1010,Micro Marathon 5K,Male,MOpen,0:45:06,0:45:01,231/669,94/213,,
232.,Anukul Thaitanundr,ANUKUL,2500,Micro Marathon 5K,Male,MOpen,0:45:08,0:45:07,232/669,95/213,,
233.,Tuangporn Phuengchit,TUANG,2276,Micro Marathon 5K,Female,FOpen,0:45:11,0:44:48,233/669,138/455,,
234.,Suppata Prabhasiri,,0158,Micro Marathon 5K,Female,FOpen,0:45:14,0:44:53,234/669,139/455,,
235.,Chalearmkiat Kongvichienwat,,0160,Micro Marathon 5K,Male,MOpen,0:45:14,0:44:04,235/669,96/213,,
236.,Koranut Khwanmanij,NEUNG28,2109,Micro Marathon 5K,Female,FOpen,0:45:18,0:45:13,236/669,140/455,,
237.,Mayureerat Phoonphol,MAYUREERAT,1495,Micro Marathon 5K,Female,FOpen,0:45:19,0:44:54,237/669,141/455,,
238.,Nida Thammacharoenrach,,3069,Micro Marathon 5K,Female,FOpen,0:45:21,0:44:54,238/669,142/455,,
239.,Sirirat Chotimaporn,,0744,Micro Marathon 5K,Female,FOpen,0:45:28,0:44:50,239/669,143/455,,
240.,Jiraporn Kawborkum,BIGPIGPINK,2393,Micro Marathon 5K,Female,FOpen,0:45:33,0:45:19,240/669,144/455,,
241.,Arrada Chopaka,ARTY,1674,Micro Marathon 5K,Female,FOpen,0:45:36,0:44:51,241/669,145/455,,
242.,Nutruja Klomkeaw,JAJA,1673,Micro Marathon 5K,Female,FOpen,0:45:37,0:44:51,242/669,146/455,,
243.,Jirawadee Songlaor,JIRAWADEE,1257,Micro Marathon 5K,Female,FOpen,0:45:42,0:45:29,243/669,147/455,,
244.,Phenporn Apithaiyanont,EBI,0963,Micro Marathon 5K,Female,FOpen,0:45:44,0:45:13,244/669,148/455,,
245.,Thanapum Pungpotong,PUM,2292,Micro Marathon 5K,Male,MOpen,0:45:44,0:45:36,245/669,97/213,,
246.,Chaiya Mahaisavariya,PAPA,0071,Micro Marathon 5K,Male,MOpen,0:45:46,0:45:36,246/669,98/213,,
247.,Nattapat Tongtawat,T.NATTAPAT,0382,Micro Marathon 5K,Male,MOpen,0:45:46,0:45:23,247/669,99/213,,
248.,Nacholnipa Nata,NACHOLNIPA,0296,Micro Marathon 5K,Female,FOpen,0:45:47,0:45:40,248/669,149/455,,
249.,Choowadee Pariwatthanakun,CHOOCHU,0248,Micro Marathon 5K,Female,FOpen,0:45:47,0:45:41,249/669,150/455,,
250.,Preeyanut Sirimai,Preeyanut,2825,Micro Marathon 5K,Female,FOpen,0:45:49,0:45:37,250/669,151/455,,
251.,Rungrapee Puttha,RUNGRAPEE,2778,Micro Marathon 5K,Female,FOpen,0:45:59,0:45:51,251/669,152/455,,
252.,Khemika Saleepon,KHEMIKA,0434,Micro Marathon 5K,Female,FOpen,0:46:02,0:45:49,252/669,153/455,,
253.,Sasithorn Kamloonwaysarach,ME_TUDD,2174,Micro Marathon 5K,Female,FOpen,0:46:03,0:45:13,253/669,154/455,,
254.,Thararat Pungpotong,PEAM,2291,Micro Marathon 5K,Female,FOpen,0:46:03,0:45:57,254/669,155/455,,
255.,Preeda Nakedach,PREEDA,1394,Micro Marathon 5K,Female,FOpen,0:46:04,0:45:15,255/669,156/455,,
256.,Passara Pungpotong,RAT,2288,Micro Marathon 5K,Female,FOpen,0:46:06,0:45:58,256/669,157/455,,
257.,Suttama Yingchatchavanchai,KHUNNOI,2679,Micro Marathon 5K,Female,FOpen,0:46:06,0:45:58,257/669,158/455,,
258.,Supravee Sinkirdsuk,VIEW_2017,2110,Micro Marathon 5K,Female,FOpen,0:46:09,0:46:03,258/669,159/455,,
259.,Khanittha Achipsamut,,2674,Micro Marathon 5K,Female,FOpen,0:46:11,0:46:05,259/669,160/455,,
260.,Kankannit Prasertsuk,ART,0921,Micro Marathon 5K,Female,FOpen,0:46:15,0:45:49,260/669,161/455,,
261.,Wanna Phuengjanphen,AIRMONAMI,0592,Micro Marathon 5K,Female,FOpen,0:46:24,0:46:12,261/669,162/455,,
262.,Aree Phuengjanphen,OELECTONIC,2703,Micro Marathon 5K,Female,FOpen,0:46:24,0:46:12,262/669,163/455,,
263.,Kornkamon Klabsomboon,JINFEN BAI,1831,Micro Marathon 5K,Female,FOpen,0:46:27,0:45:53,263/669,164/455,,
264.,Kritsana Kawkerd,KRUNOYNA,1876,Micro Marathon 5K,Female,FOpen,0:46:27,0:46:17,264/669,165/455,,
265.,Pattchanok Nualmeechue,PATTCHANOK,1265,Micro Marathon 5K,Female,FOpen,0:46:30,0:46:19,265/669,166/455,,
266.,Marisa Chatchaiyalerk,OPAL,0315,Micro Marathon 5K,Female,FOpen,0:46:32,0:46:22,266/669,167/455,,
267.,Waraporn Siparnomwan,BOBO,0450,Micro Marathon 5K,Female,FOpen,0:46:32,0:45:58,267/669,168/455,,
268.,Mayuree Amrungjitchai,CHICKYURI,1589,Micro Marathon 5K,Female,FOpen,0:46:34,0:46:12,268/669,169/455,,
269.,Tirawas Phathomphituknukun,DOY,0567,Micro Marathon 5K,Male,MOpen,0:46:35,0:46:26,269/669,100/213,,
270.,Prisana Teppradit,KHUN NOI,0617,Micro Marathon 5K,Female,FOpen,0:46:36,0:46:14,270/669,170/455,,
271.,Rhuthai Wattanavinit,RHUTHAI,2950,Micro Marathon 5K,Female,FOpen,0:46:38,0:46:30,271/669,171/455,,
272.,Apichai Yoopum,APICHAI,2378,Micro Marathon 5K,Male,MOpen,0:46:39,0:46:19,272/669,101/213,,
273.,Jutamas Chongsanguan,JUTAMAS,0297,Micro Marathon 5K,Female,FOpen,0:46:40,0:46:02,273/669,172/455,,
274.,Thanapat Natrakul,TOGETHER,0804,Micro Marathon 5K,Male,MOpen,0:46:43,0:46:38,274/669,102/213,,
275.,Chidchanok Vipavasupakorn,CHIDCHANOK,0803,Micro Marathon 5K,Female,FOpen,0:46:47,0:45:58,275/669,173/455,,
276.,Kantapong Sangsila,ANT-TEAM,1748,Micro Marathon 5K,Male,MOpen,0:46:53,0:46:44,276/669,103/213,,
277.,Onuma Saelor,ONUMA1978,0631,Micro Marathon 5K,Female,FOpen,0:47:05,0:46:12,277/669,174/455,,
278.,Bundid Kungwannarongkun,MOO OUN,1980,Micro Marathon 5K,Male,MOpen,0:47:13,0:46:50,278/669,104/213,,
279.,Patranit Jirasinchanarat,PATRANIT,0183,Micro Marathon 5K,Female,FOpen,0:47:15,0:46:53,279/669,175/455,,
280.,Chatchai Srisarunya,CHATCHAI,2662,Micro Marathon 5K,Male,MOpen,0:47:18,0:46:37,280/669,105/213,,
281.,Paweena Treesukhon,T.PAWEENA,1400,Micro Marathon 5K,Female,FOpen,0:47:22,0:46:46,281/669,176/455,,
282.,Sunisa Boonrawd,SIERRA,2781,Micro Marathon 5K,Female,FOpen,0:47:26,0:47:16,282/669,177/455,,
283.,Tanasanee Tanasanee Phienthrakul,TANOO,1981,Micro Marathon 5K,Female,FOpen,0:47:28,0:47:05,283/669,178/455,,
284.,Sasikan Borphol,DUMBERDOR,2185,Micro Marathon 5K,Female,FOpen,0:47:39,0:47:27,284/669,179/455,,
285.,Samarn Sudsaeng,SMARNTIPCO,2683,Micro Marathon 5K,Male,MOpen,0:47:40,0:47:10,285/669,106/213,,
286.,Suthasinee Chuanchaiyakul,SUTHA,2777,Micro Marathon 5K,Female,FOpen,0:47:52,0:47:45,286/669,180/455,,
287.,Narisa Kasemsukhpaisal,POOPAE,0473,Micro Marathon 5K,Female,FOpen,0:47:53,0:47:34,287/669,181/455,,
288.,Saowaphak Wimanthong,BE,0331,Micro Marathon 5K,Female,FOpen,0:47:53,0:47:34,288/669,182/455,,
289.,Suphorn Polphan,SUPHORN,0796,Micro Marathon 5K,Female,FOpen,0:48:05,0:47:30,289/669,183/455,,
290.,Sanapas Jina,SANAPAS,0795,Micro Marathon 5K,Female,FOpen,0:48:05,0:47:31,290/669,184/455,,
291.,Roypimjai Phannak,PIMJAI,2319,Micro Marathon 5K,Female,FOpen,0:48:14,0:47:55,291/669,185/455,,
292.,Sukunya Chimcham,E.MOTION,0805,Micro Marathon 5K,Female,FOpen,0:48:16,0:48:10,292/669,186/455,,
293.,Siraphassorn Waisrisaeng,,2768,Micro Marathon 5K,Female,FOpen,0:48:19,0:47:47,293/669,187/455,,
294.,Kesinee Taoon,KESINEE,2902,Micro Marathon 5K,Female,FOpen,0:48:21,0:48:00,294/669,188/455,,
295.,Subenja Phanomaphonchai,SUBENJA,2903,Micro Marathon 5K,Female,FOpen,0:48:21,0:47:58,295/669,189/455,,
296.,Nongluck Kanoktharathorn,,1951,Micro Marathon 5K,Female,FOpen,0:48:22,0:47:43,296/669,190/455,,
297.,Proythip Suwanarpa,JAYVISE,2580,Micro Marathon 5K,Female,FOpen,0:48:22,0:48:17,297/669,191/455,,
298.,Nessara Nontiwatwanit,KATE,0217,Micro Marathon 5K,Female,FOpen,0:48:23,0:47:29,298/669,192/455,,
299.,Paradorn Yoocha,NPK,1890,Micro Marathon 5K,Male,MOpen,0:48:23,0:47:42,299/669,107/213,,
300.,Thamonrat Natewaree,BELLEBERRY,2579,Micro Marathon 5K,Female,FOpen,0:48:26,0:48:20,300/669,193/455,,
301.,Karnrawee Sittana,KARNRAWEE,1258,Micro Marathon 5K,Female,FOpen,0:48:27,0:48:14,301/669,194/455,,
302.,Siyamon Sangsiri,SOMJEED,0001,Micro Marathon 5K,Female,FOpen,0:48:28,0:47:48,302/669,195/455,,
303.,Supatsorn Wedchakaruna,POTAY,2482,Micro Marathon 5K,Female,FOpen,0:48:28,0:47:49,303/669,196/455,,
304.,Thararat Chombuathong,KWANG,2483,Micro Marathon 5K,Female,FOpen,0:48:28,0:47:51,304/669,197/455,,
305.,Ekaphol Pongstabhon,EKAPHOL,2313,Micro Marathon 5K,Male,MOpen,0:48:31,0:48:23,305/669,108/213,,
306.,Kamonlada Ruengaram,INFINITY,1090,Micro Marathon 5K,Female,FOpen,0:48:33,0:48:31,306/669,198/455,,
307.,Jirakit Nouallaong,LUSIFER,1089,Micro Marathon 5K,Male,MOpen,0:48:34,0:48:30,307/669,109/213,,
308.,Ruchee Rodpinyo,MAYA,2776,Micro Marathon 5K,Female,FOpen,0:48:35,0:48:28,308/669,199/455,,
309.,Sirirat Keardsrithong,,1741,Micro Marathon 5K,Female,FOpen,0:49:15,0:48:38,309/669,200/455,,
310.,Laongdao Rojanaburanon,KAEW,2696,Micro Marathon 5K,Female,FOpen,0:49:31,0:49:18,310/669,201/455,,
311.,Kanjana Warotamaporn,NUTIPCO,2639,Micro Marathon 5K,Female,FOpen,0:49:32,0:49:15,311/669,202/455,,
312.,Panomkorn Srisuksai,PANOMKORN,0294,Micro Marathon 5K,Male,MOpen,0:49:32,0:48:49,312/669,110/213,,
313.,Noppadol Wattanasuebsin,NOPPADOL,0292,Micro Marathon 5K,Male,MOpen,0:49:34,0:48:51,313/669,111/213,,
314.,Jirat Sitthipha,JIRAT,1175,Micro Marathon 5K,Male,MOpen,0:49:35,0:49:04,314/669,112/213,,
315.,Yuwadee Srimuang,GIBKAE,2311,Micro Marathon 5K,Female,FOpen,0:49:35,0:48:50,315/669,203/455,,
316.,Pajongporn Thongnual,PAJONGPORN,0845,Micro Marathon 5K,Female,FOpen,0:49:36,0:48:59,316/669,204/455,,
317.,Tanapon Tayati,MEEJAMES,2535,Micro Marathon 5K,Male,MOpen,0:49:42,0:49:08,317/669,113/213,,
318.,Thanyanat Lailon,MUK,1032,Micro Marathon 5K,Female,FOpen,0:49:48,0:48:52,318/669,205/455,,
319.,Visanu Lailon,VISANU,1033,Micro Marathon 5K,Male,MOpen,0:49:49,0:48:57,319/669,114/213,,
320.,Parina Wright,PARINA,0334,Micro Marathon 5K,Female,FOpen,0:49:51,0:49:35,320/669,206/455,,
321.,Worawit Limpiwan,WORAWIT,0826,Micro Marathon 5K,Male,MOpen,0:49:58,0:49:39,321/669,115/213,,
322.,Pornpimon Suksuphachai,,1334,Micro Marathon 5K,Female,FOpen,0:49:59,0:49:27,322/669,207/455,,
323.,Prawat Ngernseng,PRAWAT,0289,Micro Marathon 5K,Male,MOpen,0:50:04,0:49:56,323/669,116/213,,
324.,Watcharee Chaimongkol,ANN,2106,Micro Marathon 5K,Female,FOpen,0:50:07,0:49:46,324/669,208/455,,
325.,Saowalak Suppadungsuk,SAOWALAK,0184,Micro Marathon 5K,Female,FOpen,0:50:13,0:49:52,325/669,209/455,,
326.,Tanayot Yuanpet,TANAYOT,0153,Micro Marathon 5K,Male,MOpen,0:50:14,0:49:54,326/669,117/213,,
327.,Kasem Lueng-On,KASEM,1171,Micro Marathon 5K,Male,MOpen,0:50:25,0:50:00,327/669,118/213,,
328.,Chalit Taveesinphu,CHALIT,2429,Micro Marathon 5K,Male,MOpen,0:50:43,0:50:35,328/669,119/213,,
329.,Theerasak Keawnual,KEAWNUAL,2589,Micro Marathon 5K,Male,MOpen,0:50:43,0:50:00,329/669,120/213,,
330.,Noppawan Soontornchot,CHEEZY,2425,Micro Marathon 5K,Female,FOpen,0:50:49,0:50:42,330/669,210/455,,
331.,Polwaritpakorn Srangkannok,SERM,0618,Micro Marathon 5K,Male,MOpen,0:50:55,0:50:46,331/669,121/213,,
332.,Sangchan Takong,SANGCHAN,0828,Micro Marathon 5K,Female,FOpen,0:51:02,0:50:50,332/669,211/455,,
333.,Bangorn Pancharoen,BANGORN,0827,Micro Marathon 5K,Female,FOpen,0:51:04,0:50:52,333/669,212/455,,
334.,Apple Ngernseng,APPLE,0290,Micro Marathon 5K,Female,FOpen,0:51:15,0:51:07,334/669,213/455,,
335.,Seubsakoon Punpatch,,3064,Micro Marathon 5K,Male,MOpen,0:51:20,0:51:20,335/669,122/213,,
336.,Ratchnee Santanaboon,E22FLV,0403,Micro Marathon 5K,Female,FOpen,0:51:24,0:50:40,336/669,214/455,,
337.,Voravut Hensawangpapha,E22FLU,0402,Micro Marathon 5K,Male,MOpen,0:51:25,0:50:40,337/669,123/213,,
338.,Thassaneeya Nilgrajang,PAD,1012,Micro Marathon 5K,Female,FOpen,0:51:30,0:51:21,338/669,215/455,,
339.,Arunee Wongkulab,BUM,1014,Micro Marathon 5K,Female,FOpen,0:51:30,0:51:22,339/669,216/455,,
340.,Wipoosit Dujjanutud,PAPPY,0783,Micro Marathon 5K,Male,MOpen,0:51:31,0:50:50,340/669,124/213,,
341.,Sariya Penngamdee,CINJI,0782,Micro Marathon 5K,Female,FOpen,0:51:31,0:50:50,341/669,217/455,,
342.,Prinapa Prakongsap,PA.TA,2590,Micro Marathon 5K,Female,FOpen,0:51:39,0:51:29,342/669,218/455,,
343.,Budtaka Krissanaseranee,BUDTAKA,1174,Micro Marathon 5K,Female,FOpen,0:51:46,0:51:15,343/669,219/455,,
344.,Premjit Termsawadichote,PUU,0623,Micro Marathon 5K,Female,FOpen,0:51:49,0:49:22,344/669,220/455,,
345.,Pawalin Thaitanundr,MAPRANG,1470,Micro Marathon 5K,Female,FOpen,0:51:49,0:51:35,345/669,221/455,,
346.,Thitaphat Thitisomboon,BELLE,0622,Micro Marathon 5K,Female,FOpen,0:51:50,0:49:23,346/669,222/455,,
347.,Sirapich Sinma,PINK16,0620,Micro Marathon 5K,Female,FOpen,0:51:51,0:49:25,347/669,223/455,,
348.,Kulpatsorn Ariyajindanon,BEE,0624,Micro Marathon 5K,Female,FOpen,0:51:51,0:49:24,348/669,224/455,,
349.,Thanyathon Khuansawan,THANYATHON,1403,Micro Marathon 5K,Female,FOpen,0:51:54,0:51:42,349/669,225/455,,
350.,Jarurat Sucharitachandra,GERI,2438,Micro Marathon 5K,Female,FOpen,0:51:58,0:51:47,350/669,226/455,,
351.,Surattana Sukkeaw,SURATTANA,2627,Micro Marathon 5K,Female,FOpen,0:52:03,0:51:35,351/669,227/455,,
352.,Pornlada Nuchnoi,PORNLADA,1864,Micro Marathon 5K,Female,FOpen,0:52:08,0:51:38,352/669,228/455,,
353.,Usanee Kerdpin,USANEE,1865,Micro Marathon 5K,Female,FOpen,0:52:10,0:51:37,353/669,229/455,,
354.,Jeerawan Sangkawee,KRAJEAB,2779,Micro Marathon 5K,Female,FOpen,0:52:10,0:52:01,354/669,230/455,,
355.,Jumpol Foocharoen,JUMPOL,2508,Micro Marathon 5K,Male,MOpen,0:52:18,0:52:02,355/669,125/213,,
356.,Pornpan Chimsakul,PORNPAN,0335,Micro Marathon 5K,Female,FOpen,0:52:24,0:52:08,356/669,231/455,,
357.,Areewan Uruanngan,AREEWAN,1228,Micro Marathon 5K,Female,FOpen,0:52:26,0:52:21,357/669,232/455,,
358.,Monthira Petcharut,BEEOREO,2014,Micro Marathon 5K,Female,FOpen,0:52:46,0:52:26,358/669,233/455,,
359.,Wirat Limcharoen,WIRAT,1390,Micro Marathon 5K,Male,MOpen,0:52:48,0:52:00,359/669,126/213,,
360.,Jittranun Suksai,JITANI,1008,Micro Marathon 5K,Female,FOpen,0:52:50,0:52:45,360/669,234/455,,
361.,Wiyakan Katekaew,WI,2744,Micro Marathon 5K,Female,FOpen,0:52:50,0:52:07,361/669,235/455,,
362.,Chaiwat Srivalwat,CHAIWAT,2642,Micro Marathon 5K,Male,MOpen,0:53:11,0:53:04,362/669,127/213,,
363.,Anchana Srivalwat,ANCHANA,2638,Micro Marathon 5K,Female,FOpen,0:53:11,0:53:05,363/669,236/455,,
364.,Tanakiat Am-Pa,BALLG_5,1660,Micro Marathon 5K,Male,MOpen,0:53:12,0:43:42,364/669,128/213,,
365.,Waree Wanissagunpong,WAREEG_5,1658,Micro Marathon 5K,Female,FOpen,0:53:13,0:43:43,365/669,237/455,,
366.,สรวิชญ์ สุขกุล,,3061,Micro Marathon 5K,Male,MOpen,0:53:19,0:53:16,366/669,129/213,,
367.,Poramad Trivalairat,T2P,0190,Micro Marathon 5K,Male,MOpen,0:53:24,0:52:32,367/669,130/213,,
368.,Saowanee Naksamukkee,YUI,2910,Micro Marathon 5K,Female,FOpen,0:53:25,0:52:39,368/669,238/455,,
369.,Jaruwan Suppakitruangrot,DEWZLISM,1708,Micro Marathon 5K,Female,FOpen,0:53:38,0:52:54,369/669,239/455,,
370.,Oranee Pongpisarnsakul,MOONAEW,2178,Micro Marathon 5K,Female,FOpen,0:53:39,0:53:30,370/669,240/455,,
371.,Tanapat Souklime,TRANG,2095,Micro Marathon 5K,Male,MOpen,0:53:41,0:53:36,371/669,131/213,,
372.,Sirakarn Tongwai,FON,2097,Micro Marathon 5K,Female,FOpen,0:53:43,0:53:38,372/669,241/455,,
373.,Siriwan Taweesak,EANGPK,2240,Micro Marathon 5K,Female,FOpen,0:54:07,0:53:13,373/669,242/455,,
374.,Akawit Bejrananda,AKAWIT.B,0386,Micro Marathon 5K,Male,MOpen,0:54:10,0:53:48,374/669,132/213,,
375.,Manlika Thammacharoenrach,MANLIKA,2029,Micro Marathon 5K,Female,FOpen,0:54:31,0:54:04,375/669,243/455,,
376.,Wichai Thammacharoenrach,WICHAI,2030,Micro Marathon 5K,Male,MOpen,0:54:31,0:54:04,376/669,133/213,,
377.,Suleeporn Kongsin,SULEEPORN,2103,Micro Marathon 5K,Female,FOpen,0:54:32,0:54:27,377/669,244/455,,
378.,Netnapa Hommanee,,1689,Micro Marathon 5K,Female,FOpen,0:54:32,0:53:56,378/669,245/455,,
379.,Poonyanoot Klamklin,,1990,Micro Marathon 5K,Female,FOpen,0:54:34,0:53:50,379/669,246/455,,
380.,Arnon Chomsiri,,2430,Micro Marathon 5K,Male,MOpen,0:54:36,0:53:39,380/669,134/213,,
381.,Sirarat Sukpisit,HEERKIK,1346,Micro Marathon 5K,Female,FOpen,0:54:42,0:54:19,381/669,247/455,,
382.,Manisa Thanasumpunth,MANISA,2279,Micro Marathon 5K,Female,FOpen,0:54:43,0:54:43,382/669,248/455,,
383.,Somphob Sukchuang,SOMPHOB,2451,Micro Marathon 5K,Male,MOpen,0:55:16,0:55:13,383/669,135/213,,
384.,Umpai Preeparm,UMPAI,2911,Micro Marathon 5K,Female,FOpen,0:55:16,0:55:12,384/669,249/455,,
385.,Wasana Sungkhaputi,WASANA,0423,Micro Marathon 5K,Female,FOpen,0:55:17,0:55:00,385/669,250/455,,
386.,Yanawut Prasitsontisarn,WINWIN,2466,Micro Marathon 5K,Male,MOpen,0:55:18,0:55:08,386/669,136/213,,
387.,Sukanya Tandhanskul,SUKANYA T,2700,Micro Marathon 5K,Female,FOpen,0:55:19,0:54:42,387/669,251/455,,
388.,Prakit Prasitsontisarn,PRAKIT,2465,Micro Marathon 5K,Male,MOpen,0:55:20,0:55:12,388/669,137/213,,
389.,Thanon Saleepon,PROTON,0433,Micro Marathon 5K,Male,MOpen,0:55:32,0:55:20,389/669,138/213,,
390.,Narissara Rainasuk,NARISARA,0140,Micro Marathon 5K,Female,FOpen,0:55:34,0:55:11,390/669,252/455,,
391.,Surasit Rainasuk,SURASIT R.,0139,Micro Marathon 5K,Male,MOpen,0:55:34,0:55:11,391/669,139/213,,
392.,Krittin Chaimongkol,BOSS,2107,Micro Marathon 5K,Male,MOpen,0:55:35,0:55:13,392/669,140/213,,
393.,Kawin Wongphatikorn,KAWIN,2467,Micro Marathon 5K,Male,MOpen,0:55:35,0:55:05,393/669,141/213,,
394.,Supasajee Sugsin,,1333,Micro Marathon 5K,Female,FOpen,0:55:37,0:55:04,394/669,253/455,,
395.,Tharinda Thararoop,,1332,Micro Marathon 5K,Female,FOpen,0:55:37,0:55:04,395/669,254/455,,
396.,Thanawan Kulthong,THANA.,1299,Micro Marathon 5K,Female,FOpen,0:55:38,0:54:42,396/669,255/455,,
397.,Sineenart Woraphan,,1690,Micro Marathon 5K,Female,FOpen,0:55:50,0:55:13,397/669,256/455,,
398.,Ampaiparn Thientawach,AMPAIPARN,0182,Micro Marathon 5K,Female,FOpen,0:55:51,0:55:32,398/669,257/455,,
399.,Dhayaravi Dhanapriyabhirom,DHANYARAVI,1367,Micro Marathon 5K,Female,FOpen,0:55:56,0:55:56,399/669,258/455,,
400.,Nichanan Chanu,ZOMZOM,1071,Micro Marathon 5K,Female,FOpen,0:56:02,0:55:15,400/669,259/455,,
401.,Teerat Siri-In,TALEE,1072,Micro Marathon 5K,Female,FOpen,0:56:02,0:55:15,401/669,260/455,,
402.,Kanyapuk Koonpluem,NU PANG,0260,Micro Marathon 5K,Female,FOpen,0:56:02,0:55:31,402/669,261/455,,
403.,Dariga Duangklang,DARI,0261,Micro Marathon 5K,Female,FOpen,0:56:03,0:55:33,403/669,262/455,,
404.,Worawoot Nusi-Un,WOOTIE,2208,Micro Marathon 5K,Male,MOpen,0:56:06,0:49:30,404/669,142/213,,
405.,Ornamphai Suwithayapan,TIK,2218,Micro Marathon 5K,Female,FOpen,0:56:10,0:55:12,405/669,263/455,,
406.,Rinpada Morpadungkul,KAYKU,2219,Micro Marathon 5K,Female,FOpen,0:56:12,0:55:15,406/669,264/455,,
407.,Atthanisa Saibua,KIKKAPU,0730,Micro Marathon 5K,Female,FOpen,0:56:13,0:56:06,407/669,265/455,,
408.,Nongnuch Suriyasarn,NONGNUCH S,1766,Micro Marathon 5K,Female,FOpen,0:56:22,0:45:40,408/669,266/455,,
409.,Palita Suwannasab,PALITA,1780,Micro Marathon 5K,Female,FOpen,0:56:22,0:55:41,409/669,267/455,,
410.,Orawan Miliang,ORAWAN M.,0729,Micro Marathon 5K,Female,FOpen,0:56:27,0:56:20,410/669,268/455,,
411.,Yongsamut Tongtawat,YONGSAMUT,0359,Micro Marathon 5K,Male,MOpen,0:56:36,0:56:12,411/669,143/213,,
412.,Sirinan Duangjinda,SINAN,1457,Micro Marathon 5K,Female,FOpen,0:56:44,0:56:44,412/669,269/455,,
413.,Nitaya Ruksaratch,NITAYA,0667,Micro Marathon 5K,Female,FOpen,0:56:44,0:56:34,413/669,270/455,,
414.,Metira Insawart,METIRA,0443,Micro Marathon 5K,Female,FOpen,0:56:57,0:56:34,414/669,271/455,,
415.,Yothaka Sae-Ung,YOTHAKA,0121,Micro Marathon 5K,Female,FOpen,0:56:58,0:56:36,415/669,272/455,,
416.,Wachareeporn Sritrai,WACHAREEPR,0122,Micro Marathon 5K,Female,FOpen,0:56:58,0:56:36,416/669,273/455,,
417.,Suban Tharaboot,SUBAN,0444,Micro Marathon 5K,Female,FOpen,0:57:00,0:56:36,417/669,274/455,,
418.,Araya Itthakornpun,,3050,Micro Marathon 5K,Female,FOpen,0:57:01,0:56:55,418/669,275/455,,
419.,Duangta Jaipetch,DUANGTA,0540,Micro Marathon 5K,Female,FOpen,0:57:02,0:56:39,419/669,276/455,,
420.,Nunegruthai Nurak,NADEAR_SRT,2352,Micro Marathon 5K,Female,FOpen,0:57:06,0:56:55,420/669,277/455,,
421.,Panatda Koadsaard,PANAT5555,2861,Micro Marathon 5K,Female,FOpen,0:57:07,0:56:33,421/669,278/455,,
422.,Wanwisa Suriyasarn,WANWISA S,1807,Micro Marathon 5K,Female,FOpen,0:57:15,0:46:36,422/669,279/455,,
423.,Chonsiphat Khotepongthanan,YOONG,1756,Micro Marathon 5K,Female,FOpen,0:57:24,0:57:15,423/669,280/455,,
424.,Laksana Supsakorn,LAKSANA,2968,Micro Marathon 5K,Female,FOpen,0:57:25,0:57:20,424/669,281/455,,
425.,Kaewkarn Rattanamatchim,KAEWKARN,0380,Micro Marathon 5K,Female,FOpen,0:57:26,0:57:20,425/669,282/455,,
426.,Vanida Jarasvanichpol,,3049,Micro Marathon 5K,Female,FOpen,0:57:29,0:57:21,426/669,283/455,,
427.,Rungarun Thaksadet,RUNGARUN,2287,Micro Marathon 5K,Female,FOpen,0:57:42,0:57:16,427/669,284/455,,
428.,Charutsri Poonpol,,2310,Micro Marathon 5K,Female,FOpen,0:57:45,0:57:22,428/669,285/455,,
429.,Wichai Thammacharoenrach,,3068,Micro Marathon 5K,Male,MOpen,0:57:45,0:57:17,429/669,144/213,,
430.,Sirapapat Boonnak,PAT,2775,Micro Marathon 5K,Female,FOpen,0:57:46,0:57:40,430/669,286/455,,
431.,Nittaya Samutkalin,BEAMCOFFEE,2388,Micro Marathon 5K,Female,FOpen,0:57:47,0:57:41,431/669,287/455,,
432.,Nichapat Boonkerd,NICHAPAT,1287,Micro Marathon 5K,Female,FOpen,0:57:50,0:56:55,432/669,288/455,,
433.,Rungkarn Panyotee,RUNGKARN,2423,Micro Marathon 5K,Female,FOpen,0:58:01,0:57:31,433/669,289/455,,
434.,Matarita Wiwat,MATARITA,1142,Micro Marathon 5K,Female,FOpen,0:58:08,0:57:50,434/669,290/455,,
435.,Thanat Wiwat,MAY,1141,Micro Marathon 5K,Male,MOpen,0:58:08,0:57:53,435/669,145/213,,
436.,Amornrat Maisri,AMORNRAT,1143,Micro Marathon 5K,Female,FOpen,0:58:08,0:57:53,436/669,291/455,,
437.,Thongkorn Yunnarungsri,THONG5555,2862,Micro Marathon 5K,Female,FOpen,0:58:10,0:57:34,437/669,292/455,,
438.,Supaporn Chaikaewkhwan,SUPAPORN,0961,Micro Marathon 5K,Female,FOpen,0:58:10,0:57:36,438/669,293/455,,
439.,Kritsana Sangvimol,KRITSANA,0960,Micro Marathon 5K,Female,FOpen,0:58:10,0:57:36,439/669,294/455,,
440.,Pornanong Yoocha,JEAB,1926,Micro Marathon 5K,Female,FOpen,0:58:12,0:57:44,440/669,295/455,,
441.,Supannee Praditsathawong,NEE,2965,Micro Marathon 5K,Female,FOpen,0:58:13,0:56:30,441/669,296/455,,
442.,Apasara Sujaritvanich,A024,1499,Micro Marathon 5K,Female,FOpen,0:58:14,0:57:56,442/669,297/455,,
443.,Pensri Siripattrakul,PENSRI,2614,Micro Marathon 5K,Female,FOpen,0:58:14,0:57:55,443/669,298/455,,
444.,Sripai Dabbaransi,NAMSAI,2880,Micro Marathon 5K,Female,FOpen,0:58:29,0:58:15,444/669,299/455,,
445.,Sompis Hayoo,HOO8648,2876,Micro Marathon 5K,Female,FOpen,0:58:29,0:58:15,445/669,300/455,,
446.,Pimchanok Srisuttabute,PIM PIM,1449,Micro Marathon 5K,Female,FOpen,0:58:37,0:57:47,446/669,301/455,,
447.,Khemmanat Thaweethanawayroj,PUNGKUNG,0712,Micro Marathon 5K,Male,MOpen,0:59:01,0:58:15,447/669,146/213,,
448.,Pavadee Chittopas,NUNUI,0711,Micro Marathon 5K,Female,FOpen,0:59:05,0:58:20,448/669,302/455,,
449.,Piyawan Meephayung,ALAAE,1392,Micro Marathon 5K,Female,FOpen,0:59:07,0:58:17,449/669,303/455,,
450.,Pattra Chittopas,PATTRA,0710,Micro Marathon 5K,Female,FOpen,0:59:08,0:58:23,450/669,304/455,,
451.,Naruephan Brunet,NAT,2009,Micro Marathon 5K,Female,FOpen,0:59:09,0:58:57,451/669,305/455,,
452.,Peerawit Thawornchaisit,PEAKPEAK,2890,Micro Marathon 5K,Male,MOpen,0:59:13,0:58:54,452/669,147/213,,
453.,Sutatip Praditausadon,AOY_RUN,2317,Micro Marathon 5K,Female,FOpen,0:59:13,0:58:54,453/669,306/455,,
454.,Suthaporn Bumrungya,SUTHAPORN,1682,Micro Marathon 5K,Female,FOpen,0:59:14,0:59:14,454/669,307/455,,
455.,Praichit Jetapai,PRAICHIT,1773,Micro Marathon 5K,Female,FOpen,0:59:14,0:59:14,455/669,308/455,,
456.,Sureechay Wongsuwan,NAMFON,0523,Micro Marathon 5K,Female,FOpen,0:59:14,0:48:06,456/669,309/455,,
457.,Suphitcha Srithanyarat,S.TANO,2360,Micro Marathon 5K,Female,FOpen,0:59:17,0:58:51,457/669,310/455,,
458.,Rapeepan Sittisara,IMAM,0715,Micro Marathon 5K,Female,FOpen,0:59:25,0:58:38,458/669,311/455,,
459.,Aungkana Kunanuphanchai,GJANGEL,0716,Micro Marathon 5K,Female,FOpen,0:59:25,0:58:40,459/669,312/455,,
460.,Atchima Anantahiranrat,SUNNY,2577,Micro Marathon 5K,Female,FOpen,0:59:25,0:58:53,460/669,313/455,,
461.,Thanitsak Ditthadanaiwat,BIRD,2578,Micro Marathon 5K,Male,MOpen,0:59:26,0:58:52,461/669,148/213,,
462.,Sarun Khumthong,SARUN_K.,1270,Micro Marathon 5K,Male,MOpen,0:59:35,0:58:43,462/669,149/213,,
463.,Porkaew Sringernyuang,PK,1269,Micro Marathon 5K,Female,FOpen,0:59:35,0:58:42,463/669,314/455,,
464.,Yanitha Srichoo,YANITHA S.,2592,Micro Marathon 5K,Female,FOpen,0:59:55,0:59:10,464/669,315/455,,
465.,Kwansri Kurdchum,PLATY,2767,Micro Marathon 5K,Female,FOpen,0:59:57,0:59:26,465/669,316/455,,
466.,Thitichat Takham,TIK,0267,Micro Marathon 5K,Female,FOpen,1:00:13,0:59:50,466/669,317/455,,
467.,Nantaporn Buarabut,NUM,0266,Micro Marathon 5K,Female,FOpen,1:00:14,0:59:52,467/669,318/455,,
468.,Pongsathorn Chutichai,NEUNG,1347,Micro Marathon 5K,Male,MOpen,1:00:38,1:00:14,468/669,150/213,,
469.,Chatchanan Kulpat,CHAT,0888,Micro Marathon 5K,Male,MOpen,1:00:39,1:00:03,469/669,151/213,,
470.,Tanaporn Sumpoung,KONG,1348,Micro Marathon 5K,Female,FOpen,1:00:40,1:00:17,470/669,319/455,,
471.,Suppakarn Prugsatrakul,PP,0887,Micro Marathon 5K,Female,FOpen,1:00:41,1:00:04,471/669,320/455,,
472.,Charoonrat Srithanyarat,CHAROONRAT,2362,Micro Marathon 5K,Female,FOpen,1:00:45,1:00:22,472/669,321/455,,
473.,Neeratorn Jentaweepornkul,NEMO,0600,Micro Marathon 5K,Female,FOpen,1:00:57,0:57:23,473/669,322/455,,
474.,Warunee Kham-Ek,MAMA-AM,0599,Micro Marathon 5K,Female,FOpen,1:01:03,0:57:29,474/669,323/455,,
475.,Pradcha Vanavichai,PRADCHA,0096,Micro Marathon 5K,Male,MOpen,1:01:22,1:00:41,475/669,152/213,,
476.,Chantra Puagkhao,TA,0954,Micro Marathon 5K,Female,FOpen,1:01:31,1:01:20,476/669,324/455,,
477.,Supattra Cheunchom,AOR,0957,Micro Marathon 5K,Female,FOpen,1:01:31,1:01:21,477/669,325/455,,
478.,Kamonwan Yodruk,SINE,2116,Micro Marathon 5K,Female,FOpen,1:01:39,1:01:21,478/669,326/455,,
479.,Siriporn Seedanglueng,SERIES,2115,Micro Marathon 5K,Female,FOpen,1:01:39,1:01:21,479/669,327/455,,
480.,Jirawat Chaiweera,OAK,2652,Micro Marathon 5K,Male,MOpen,1:01:39,1:01:24,480/669,153/213,,
481.,Pattanun Kiatjaroenmit,MART,2653,Micro Marathon 5K,Male,MOpen,1:01:40,1:01:25,481/669,154/213,,
482.,Jidlada Suntiwatcharanurak,JIDLADA,1385,Micro Marathon 5K,Female,FOpen,1:01:48,1:01:31,482/669,328/455,,
483.,Reynugar Aussawawongpaisarn,REYNUGAR,1386,Micro Marathon 5K,Female,FOpen,1:01:49,1:01:31,483/669,329/455,,
484.,Supang Meesawat,SUPANG,2387,Micro Marathon 5K,Female,FOpen,1:01:56,1:01:35,484/669,330/455,,
485.,Pahwin Worachotekamjorn,PAHWIN,2834,Micro Marathon 5K,Male,MOpen,1:02:09,1:01:56,485/669,155/213,,
486.,Juthamas Worachotekamjorn,NOI,2833,Micro Marathon 5K,Female,FOpen,1:02:09,1:01:56,486/669,331/455,,
487.,Pattamanan Jiratrakarnkitt,PATTAMANAN,2274,Micro Marathon 5K,Female,FOpen,1:02:14,1:01:50,487/669,332/455,,
488.,Pranee Sutthaphanit,PRANEE,2286,Micro Marathon 5K,Female,FOpen,1:02:15,1:01:48,488/669,333/455,,
489.,Kanatthapong Jaitrong,NEWYEAR,0612,Micro Marathon 5K,Male,MOpen,1:02:25,1:02:17,489/669,156/213,,
490.,Duangjai Khankruer,RUNG-PE,0492,Micro Marathon 5K,Female,FOpen,1:02:25,1:02:04,490/669,334/455,,
491.,Malai Changsathien,JJ,1118,Micro Marathon 5K,Female,FOpen,1:02:43,1:02:06,491/669,335/455,,
492.,Chenjira Chuapradit,JANEY CH.,1353,Micro Marathon 5K,Female,FOpen,1:03:28,1:02:44,492/669,336/455,,
493.,Thitaporn Wandee,OEW,2516,Micro Marathon 5K,Female,FOpen,1:03:30,1:02:48,493/669,337/455,,
494.,Bussaba Thaitanundr,IMM,1467,Micro Marathon 5K,Female,FOpen,1:03:31,1:03:17,494/669,338/455,,
495.,Matar Sangduanchay,MATAR,1350,Micro Marathon 5K,Male,MOpen,1:03:31,1:02:45,495/669,157/213,,
496.,Saisuri Seriwattana,SAISURI,1253,Micro Marathon 5K,Female,FOpen,1:03:32,1:03:16,496/669,339/455,,
497.,Pin Thanyakan,PINT,2619,Micro Marathon 5K,Female,FOpen,1:03:57,1:03:45,497/669,340/455,,
498.,Narubade Wongphatikorn,NARUBADE,2468,Micro Marathon 5K,Male,MOpen,1:04:05,1:03:34,498/669,158/213,,
499.,Tossapol Wongphatikorn,TOSSAPOL,2462,Micro Marathon 5K,Male,MOpen,1:04:05,1:03:34,499/669,159/213,,
500.,Wanida Sa-Ardbutr,WANIDA S.,2741,Micro Marathon 5K,Female,FOpen,1:04:05,1:03:36,500/669,341/455,,
501.,Tassaneeya Laohapruettisan,TASSIE,2504,Micro Marathon 5K,Female,FOpen,1:04:06,1:03:37,501/669,342/455,,
502.,Vinida Srikusalanukul,VINIDA,1242,Micro Marathon 5K,Female,FOpen,1:04:16,1:04:00,502/669,343/455,,
503.,Napawan Northongkum,NAPAWAN,0118,Micro Marathon 5K,Female,FOpen,1:04:18,1:03:57,503/669,344/455,,
504.,Sirina Nuysuk,SIRINA,0119,Micro Marathon 5K,Female,FOpen,1:04:19,1:03:56,504/669,345/455,,
505.,Maythika Bandabchokchai,MAYTHIKA,0151,Micro Marathon 5K,Female,FOpen,1:04:22,1:04:00,505/669,346/455,,
506.,Sunanta Sakaew,SUNANTA,0120,Micro Marathon 5K,Female,FOpen,1:04:23,1:04:02,506/669,347/455,,
507.,Wandee Yaemrat,WANDEE,0846,Micro Marathon 5K,Female,FOpen,1:04:28,1:03:47,507/669,348/455,,
508.,Thanawat Chimmuang,DOLLOHMORE,0749,Micro Marathon 5K,Male,MOpen,1:04:28,1:03:47,508/669,160/213,,
509.,Papitchaya Tantiniti,PLERN,2913,Micro Marathon 5K,Female,FOpen,1:04:29,1:04:05,509/669,349/455,,
510.,Yanee Chanklum,JAJAHYANEE,1667,Micro Marathon 5K,Female,FOpen,1:04:35,1:04:11,510/669,350/455,,
511.,Khwansunee Bunrattanung,KHWANSUNEE,0094,Micro Marathon 5K,Female,FOpen,1:04:56,1:04:36,511/669,351/455,,
512.,Potchanart Jiemjit,POTCHANART,0844,Micro Marathon 5K,Female,FOpen,1:05:03,1:04:22,512/669,352/455,,
513.,Wantanee Yaemrat,WANTANEE,0847,Micro Marathon 5K,Female,FOpen,1:05:03,1:04:24,513/669,353/455,,
514.,Phattharaphan Vimolphak,TANGMO,2148,Micro Marathon 5K,Female,FOpen,1:05:05,1:04:56,514/669,354/455,,
515.,Rawisook Worachotekamjorn,MAY,2832,Micro Marathon 5K,Female,FOpen,1:05:18,1:05:04,515/669,355/455,,
516.,Sunan Kanjanawaraporn,SUNAN,1340,Micro Marathon 5K,Female,FOpen,1:05:40,1:05:37,516/669,356/455,,
517.,Yoyong Chaownpreecha,TECH,0597,Micro Marathon 5K,Male,MOpen,1:05:41,1:05:41,517/669,161/213,,
518.,Sumol Ormsin,SUMOL O.,2454,Micro Marathon 5K,Male,MOpen,1:05:58,1:05:36,518/669,162/213,,
519.,Somsuk Ormsin,SOMSUK O.,2453,Micro Marathon 5K,Female,FOpen,1:05:59,1:05:36,519/669,357/455,,
520.,Naphat Jaichuangchote,BANDTIPCO,0791,Micro Marathon 5K,Female,FOpen,1:05:59,0:54:50,520/669,358/455,,
521.,Naruepat Udomsin,GUPENHERO,0849,Micro Marathon 5K,Male,MOpen,1:06:14,1:05:59,521/669,163/213,,
522.,Pairou Sangrassamee,ANT-TEAM,0997,Micro Marathon 5K,Female,FOpen,1:06:22,1:06:12,522/669,359/455,,
523.,Kaenchan Kotchaplayook,,3067,Micro Marathon 5K,Female,FOpen,1:06:36,1:06:25,523/669,360/455,,
524.,Yupa Sangsila,ANT-TEAM,1749,Micro Marathon 5K,Female,FOpen,1:06:51,1:06:40,524/669,361/455,,
525.,Lakkhana Ruangjoy,LAKKHANA.R,1015,Micro Marathon 5K,Female,FOpen,1:07:21,1:06:49,525/669,362/455,,
526.,Sumeth Thanahanpirom,CANDY,2441,Micro Marathon 5K,Male,MOpen,1:07:36,1:06:52,526/669,164/213,,
527.,Walailak Kaewmesre,SARAH,2266,Micro Marathon 5K,Female,FOpen,1:07:45,1:07:33,527/669,363/455,,
528.,Kaenchan Kotchaplayook,KAENCHAN,0829,Micro Marathon 5K,Female,FOpen,1:08:13,1:08:01,528/669,364/455,,
529.,Supaporn Narissirikl,,3058,Micro Marathon 5K,Female,FOpen,1:08:18,0:57:13,529/669,365/455,,
530.,Nutt Parinyaprom,NUTTY,1421,Micro Marathon 5K,Male,MOpen,1:09:21,0:49:16,530/669,165/213,,
531.,Sutatta Pootrakul,SUTATTA,1419,Micro Marathon 5K,Female,FOpen,1:09:22,0:49:16,531/669,366/455,,
532.,Tanaporn Sirinawee,TANAPORN,1420,Micro Marathon 5K,Female,FOpen,1:09:22,0:49:17,532/669,367/455,,
533.,Chotika Ounseng,CHOTY,1422,Micro Marathon 5K,Female,FOpen,1:09:23,0:49:15,533/669,368/455,,
534.,Surawin Sawangdee,,3066,Micro Marathon 5K,Male,MOpen,1:09:23,1:08:01,534/669,166/213,,
535.,Krisada Sawaengdee,,3065,Micro Marathon 5K,Female,FOpen,1:09:24,1:08:02,535/669,369/455,,
536.,Kamol Anonrat,KAMOL,2830,Micro Marathon 5K,Male,MOpen,1:09:33,1:09:20,536/669,167/213,,
537.,Karl Anonrat,KARL,2831,Micro Marathon 5K,Male,MOpen,1:09:33,1:09:20,537/669,168/213,,
538.,Rach Praditsathawong,TOP,2966,Micro Marathon 5K,Male,MOpen,1:09:38,1:07:48,538/669,169/213,,
539.,Chuenta Archeepsamut,MAY,0135,Micro Marathon 5K,Female,FOpen,1:10:05,1:09:50,539/669,370/455,,
540.,Hathaithip Traiworadecha,THIIIP,2571,Micro Marathon 5K,Female,FOpen,1:10:07,1:09:55,540/669,371/455,,
541.,Sasirapat Phonlawan,AUAN,2572,Micro Marathon 5K,Female,FOpen,1:10:08,1:09:55,541/669,372/455,,
542.,Pornphat Chalermchutipapha,GRANNY,1086,Micro Marathon 5K,Female,FOpen,1:10:46,1:10:46,542/669,373/455,,
543.,Tanawoot Charoumchutiphapa,GRANDPA,1087,Micro Marathon 5K,Male,MOpen,1:10:46,1:10:46,543/669,170/213,,
544.,Karnchana Charoensuk,BAR,1322,Micro Marathon 5K,Female,FOpen,1:11:55,1:11:55,544/669,374/455,,
545.,Natchapan Pathompituknukoon,KOONYAY,0566,Micro Marathon 5K,Female,FOpen,1:12:06,1:11:57,545/669,375/455,,
546.,Sangaun Ngoncom,SANGAUN,1038,Micro Marathon 5K,Male,MOpen,1:12:12,1:12:04,546/669,171/213,,
547.,Chayada Pomprasirt,CHAYADA P.,0168,Micro Marathon 5K,Female,FOpen,1:12:50,1:12:20,547/669,376/455,,
548.,Supakorn Pomprasirt,SUPAKORN,0170,Micro Marathon 5K,Male,MOpen,1:12:50,1:12:20,548/669,172/213,,
549.,Suwanna Sungkaputi,SUWANNA,0511,Micro Marathon 5K,Female,FOpen,1:13:20,1:13:03,549/669,377/455,,
550.,Koosak Wirotanan,KOOSAK,2835,Micro Marathon 5K,Male,MOpen,1:15:00,1:14:47,550/669,173/213,,
551.,Supreeya Pomprasirt,SUPREEYA,0171,Micro Marathon 5K,Female,FOpen,1:15:06,1:14:35,551/669,378/455,,
552.,Pattareeya Ngawsuwan,RAINFOREST,1811,Micro Marathon 5K,Female,FOpen,1:15:14,0:57:55,552/669,379/455,,
553.,Pantipa Chayannakorn,NUISHIKO,1813,Micro Marathon 5K,Female,FOpen,1:15:14,0:57:54,553/669,380/455,,
554.,Somsri Tarapanich,SOMSRI,0468,Micro Marathon 5K,Female,FOpen,1:15:25,1:15:07,554/669,381/455,,
555.,Udom Tarapanich,UDOM,0467,Micro Marathon 5K,Male,MOpen,1:15:26,1:15:07,555/669,174/213,,
556.,Jetsada Khongdaeng,JETSADA K.,0793,Micro Marathon 5K,Male,MOpen,1:15:28,1:14:17,556/669,175/213,,
557.,Anurat Tiamtan,NU,2868,Micro Marathon 5K,Female,FOpen,1:16:03,1:15:59,557/669,382/455,,
558.,Cholada Chroensri,CHOLADA,1109,Micro Marathon 5K,Female,FOpen,1:16:06,1:16:05,558/669,383/455,,
559.,Wallee Torkijkarncharoen,LOVE,2346,Micro Marathon 5K,Female,FOpen,1:16:07,1:16:07,559/669,384/455,,
560.,Saranya Borisuitsawat,MAI,2262,Micro Marathon 5K,Female,FOpen,1:16:08,1:16:08,560/669,385/455,,
561.,Preeyada Unruean,MOD,1329,Micro Marathon 5K,Female,FOpen,1:16:27,1:16:04,561/669,386/455,,
562.,Nataya Wattanaskolpant,HUA,0282,Micro Marathon 5K,Female,FOpen,1:20:19,1:04:45,562/669,387/455,,
563.,Kritima Srisethanil,MEI   LING,0285,Micro Marathon 5K,Female,FOpen,1:20:19,1:04:51,563/669,388/455,,
564.,Chaisak Srisethanil,CHAISAK,0283,Micro Marathon 5K,Male,MOpen,1:23:16,1:07:49,564/669,176/213,,
565.,Pirawit Srisethanil,DE  HUA,0284,Micro Marathon 5K,Male,MOpen,1:23:17,1:07:47,565/669,177/213,,
566.,Woravimon Pratoommarakkana,WORAVIMON,0202,Micro Marathon 5K,Female,FOpen,1:26:51,1:26:12,566/669,389/455,,
567.,Wacnkaew Punpanich,,3055,Micro Marathon 5K,Female,FOpen,1:39:39,1:39:39,567/669,390/455,,
568.,Tawatchai Tiamtan,TAWATCHAI,2869,Micro Marathon 5K,Male,MOpen,1:41:08,1:41:04,568/669,178/213,,
,,,,,,,,,,,,